area,predictions
26000,533664.3835616438
30000,587979.4520547944
32000,615136.9863013698
36000,669452.0547945206
40000,723767.1232876712
